City_ID,City,Lat,Lng,Max Temp,Humidity,Cloudiness,Wind Speed,Country,Date
0,Ushuaia,-54.8,-68.3,35.22,75,20,4.61,AR,2021-07-21 18:36:17
1,Albany,42.6001,-73.9662,78.46,66,54,3.0,US,2021-07-21 18:35:24
2,Homer,59.6425,-151.5483,55.04,94,90,5.75,US,2021-07-21 18:36:17
3,Punta Arenas,-53.15,-70.9167,41.11,81,75,19.57,CL,2021-07-21 18:31:18
4,Rikitea,-23.1203,-134.9692,73.09,59,75,19.8,PF,2021-07-21 18:35:10
5,Hilo,19.7297,-155.09,81.28,94,90,6.91,US,2021-07-21 18:36:18
6,Bengkulu,-3.8004,102.2655,74.91,88,23,3.42,ID,2021-07-21 18:36:18
7,Palmer,42.1584,-72.3287,81.55,56,75,1.01,US,2021-07-21 18:35:12
8,Tuktoyaktuk,69.4541,-133.0374,77.0,50,20,8.05,CA,2021-07-21 18:36:19
9,Watsa,3.0372,29.5355,64.42,98,100,1.88,CD,2021-07-21 18:36:20
10,Burriana,39.889,-0.085,81.14,60,0,2.17,ES,2021-07-21 18:36:20
11,Trinidad,-14.8333,-64.9,82.38,34,0,4.61,BO,2021-07-21 18:36:20
12,Athens,37.9795,23.7162,87.17,69,20,1.01,GR,2021-07-21 18:35:25
13,Jumla,29.2747,82.1838,63.9,97,100,3.49,NP,2021-07-21 18:36:21
14,Dunedin,-45.8742,170.5036,47.8,78,100,11.01,NZ,2021-07-21 18:32:28
15,Berdigestyakh,62.0989,126.6992,56.53,95,100,6.55,RU,2021-07-21 18:36:21
16,Tasiilaq,65.6145,-37.6368,44.76,97,100,4.63,GL,2021-07-21 18:36:22
17,Martapura,-3.4167,114.85,73.49,100,90,2.3,ID,2021-07-21 18:36:22
18,Ilo,-17.6394,-71.3375,61.66,77,0,8.05,PE,2021-07-21 18:36:23
19,Bonfim,3.0833,-59.95,87.13,60,51,7.09,BR,2021-07-21 18:36:23
20,Sinnamary,5.3833,-52.95,83.73,75,48,9.93,GF,2021-07-21 18:36:23
21,Poum,-20.2333,164.0167,71.22,65,33,10.65,NC,2021-07-21 18:36:23
22,Bouar,5.934,15.596,65.55,94,65,2.21,CF,2021-07-21 18:36:24
23,Laguna,38.421,-121.4238,98.24,50,1,6.91,US,2021-07-21 18:36:24
24,Norman Wells,65.282,-126.8329,75.24,53,75,6.91,CA,2021-07-21 18:36:25
25,Dikson,73.5069,80.5464,49.96,63,98,18.59,RU,2021-07-21 18:36:25
26,Sao Joao Da Barra,-21.6403,-41.0511,75.29,68,100,8.86,BR,2021-07-21 18:36:25
27,Oktyabrskiy,54.4815,53.471,65.35,65,11,2.48,RU,2021-07-21 18:36:26
28,Seoul,37.5683,126.9778,80.53,63,89,2.37,KR,2021-07-21 18:34:19
29,Listvyanka,51.8535,104.8693,51.3,98,45,1.97,RU,2021-07-21 18:36:26
30,Arraial Do Cabo,-22.9661,-42.0278,73.36,68,20,9.22,BR,2021-07-21 18:36:26
31,Alma,48.5501,-71.6491,76.21,50,35,7.07,CA,2021-07-21 18:36:27
32,La Ronge,55.1001,-105.2842,66.45,82,90,5.75,CA,2021-07-21 18:36:27
33,Port Alfred,-33.5906,26.891,51.53,81,96,29.68,ZA,2021-07-21 18:36:27
34,Hobart,-42.8794,147.3294,48.06,80,98,3.0,AU,2021-07-21 18:31:44
35,Oriximina,-1.7656,-55.8661,90.61,47,37,6.13,BR,2021-07-21 18:36:28
36,Havoysund,70.9963,24.6622,47.28,88,100,29.48,NO,2021-07-21 18:36:28
37,Faanui,-16.4833,-151.75,78.94,77,90,20.15,PF,2021-07-21 18:36:29
38,Cape Town,-33.9258,18.4232,49.1,69,75,8.05,ZA,2021-07-21 18:36:29
39,Micheweni,-4.9667,39.8333,75.87,82,4,11.88,TZ,2021-07-21 18:36:29
40,Vaini,-21.2,-175.2,73.56,88,20,8.05,TO,2021-07-21 18:36:30
41,Kavieng,-2.5744,150.7967,81.01,80,100,7.85,PG,2021-07-21 18:36:30
42,Synya,65.3718,58.0387,54.68,83,100,6.49,RU,2021-07-21 18:36:31
43,Qeshm,26.9581,56.2719,93.09,72,0,13.49,IR,2021-07-21 18:36:31
44,Butaritari,3.0707,172.7902,82.26,77,85,10.42,KI,2021-07-21 18:36:32
45,Buala,-8.145,159.5921,79.2,82,48,5.5,SB,2021-07-21 18:36:32
46,Jamestown,42.097,-79.2353,71.51,71,90,7.0,US,2021-07-21 18:35:27
47,Kashan,33.9831,51.4364,94.37,13,4,10.78,IR,2021-07-21 18:36:32
48,Hobyo,5.3505,48.5268,78.1,79,44,26.19,SO,2021-07-21 18:36:33
49,Kaa-Khem,51.6833,94.7333,65.95,60,100,13.31,RU,2021-07-21 18:36:33
50,General Salgado,-20.6483,-50.3606,77.77,10,88,1.48,BR,2021-07-21 18:36:33
51,Northam,51.0333,-4.2167,82.02,74,11,4.21,GB,2021-07-21 18:36:34
52,Belmonte,-15.8631,-38.8828,75.7,66,54,11.81,BR,2021-07-21 18:36:34
53,Esperance,-33.8667,121.9,53.44,73,99,23.58,AU,2021-07-21 18:36:35
54,San Cristobal,7.7669,-72.225,75.38,95,100,5.5,VE,2021-07-21 18:36:35
55,Kodiak,57.79,-152.4072,54.91,88,90,5.75,US,2021-07-21 18:36:35
56,Aklavik,68.2191,-135.0107,85.84,27,64,3.18,CA,2021-07-21 18:36:36
57,Caravelas,-17.7125,-39.2481,74.32,59,19,6.78,BR,2021-07-21 18:36:36
58,Santiago,-33.4569,-70.6483,73.4,14,83,3.47,CL,2021-07-21 18:36:37
59,Karla,59.3723,24.9275,64.36,62,0,16.11,EE,2021-07-21 18:36:37
60,Mar Del Plata,-38.0023,-57.5575,59.02,58,0,5.01,AR,2021-07-21 18:36:37
61,Cam Ranh,11.9214,109.1591,82.36,69,40,10.36,VN,2021-07-21 18:36:38
62,Lebu,-37.6167,-73.65,55.58,84,100,6.44,CL,2021-07-21 18:36:38
63,Mataura,-46.1927,168.8643,45.48,97,100,3.33,NZ,2021-07-21 18:36:39
64,Prieska,-29.6641,22.7474,40.77,50,0,16.08,ZA,2021-07-21 18:36:39
65,Puerto Ayora,-0.7393,-90.3518,84.16,87,100,11.99,EC,2021-07-21 18:36:40
66,Constitucion,-35.3333,-72.4167,59.94,68,100,0.92,CL,2021-07-21 18:36:40
67,Kiunga,-6.1219,141.2906,72.61,100,100,1.48,PG,2021-07-21 18:36:40
68,Luderitz,-26.6481,15.1594,55.6,46,0,24.11,NA,2021-07-21 18:36:42
69,Borovskoy,53.8,64.15,68.85,73,100,6.82,KZ,2021-07-21 18:36:42
70,Kapaa,22.0752,-159.319,80.58,83,75,4.0,US,2021-07-21 18:36:42
71,Tiksi,71.6872,128.8694,39.49,95,100,5.23,RU,2021-07-21 18:36:43
72,Bredasdorp,-34.5322,20.0403,45.72,81,100,9.22,ZA,2021-07-21 18:36:43
73,Sola,-13.8833,167.55,79.72,76,0,11.18,VU,2021-07-21 18:36:43
74,Severo-Kurilsk,50.6789,156.125,51.15,94,16,2.98,RU,2021-07-21 18:36:43
75,Katsuura,35.1333,140.3,79.11,84,0,0.96,JP,2021-07-21 18:36:44
76,Ostrovnoy,68.0531,39.5131,46.8,81,77,9.46,RU,2021-07-21 18:36:44
77,Bubaque,11.2833,-15.8333,80.87,81,100,13.0,GW,2021-07-21 18:36:45
78,Hermanus,-34.4187,19.2345,45.9,69,100,19.57,ZA,2021-07-21 18:36:45
79,San Carlos De Bariloche,-41.1456,-71.3082,46.15,81,75,4.61,AR,2021-07-21 18:36:45
80,Bardiyah,31.7561,25.0865,78.93,73,0,17.25,LY,2021-07-21 18:36:46
81,Ternate,0.8,127.4,80.82,79,100,6.55,ID,2021-07-21 18:36:46
82,Nome,64.5011,-165.4064,48.27,82,90,8.05,US,2021-07-21 18:36:47
83,Khatanga,71.9667,102.5,53.4,91,100,5.26,RU,2021-07-21 18:36:47
84,Cherskiy,68.75,161.3,55.31,50,5,2.86,RU,2021-07-21 18:36:47
85,Hasaki,35.7333,140.8333,73.8,87,9,2.86,JP,2021-07-21 18:36:47
86,Paciran,-6.8767,112.3761,77.27,80,98,5.23,ID,2021-07-21 18:36:48
87,Hamilton,39.1834,-84.5333,82.74,63,40,1.99,US,2021-07-21 18:34:54
88,Hithadhoo,-0.6,73.0833,82.54,73,100,14.38,MV,2021-07-21 18:36:48
89,Kodinsk,58.6881,99.1844,61.83,69,100,2.1,RU,2021-07-21 18:36:48
90,Souillac,-20.5167,57.5167,71.98,64,40,17.27,MU,2021-07-21 18:36:49
91,Busselton,-33.65,115.3333,51.04,84,63,8.55,AU,2021-07-21 18:36:49
92,San Patricio,28.017,-97.5169,92.07,45,3,5.95,US,2021-07-21 18:36:50
93,Bethel,41.3712,-73.414,80.71,72,75,10.36,US,2021-07-21 18:36:50
94,Tautira,-17.7333,-149.15,78.82,79,47,15.73,PF,2021-07-21 18:36:50
95,Kuusamo,65.9667,29.1833,48.24,87,75,9.22,FI,2021-07-21 18:36:51
96,Qaanaaq,77.484,-69.3632,37.54,99,100,14.18,GL,2021-07-21 18:36:51
97,Nizwa,22.9333,57.5333,91.65,48,31,3.76,OM,2021-07-21 18:36:51
98,Fallon,39.4735,-118.7774,90.43,15,75,5.75,US,2021-07-21 18:36:52
99,Yenagoa,4.9247,6.2642,76.32,78,100,7.14,NG,2021-07-21 18:36:52
100,Fort Nelson,58.8053,-122.7002,56.79,94,90,4.61,CA,2021-07-21 18:36:52
101,Kosum Phisai,16.2486,103.0674,82.81,82,100,11.74,TH,2021-07-21 18:36:53
102,Castro,-24.7911,-50.0119,64.67,44,7,2.26,BR,2021-07-21 18:36:53
103,Rio Gallegos,-51.6226,-69.2181,42.85,70,0,16.11,AR,2021-07-21 18:36:53
104,Solnechnyy,50.7214,136.6319,72.12,83,100,2.39,RU,2021-07-21 18:36:53
105,Ponta Do Sol,32.6667,-17.1,75.83,77,0,3.51,PT,2021-07-21 18:36:54
106,Kirakira,-10.4544,161.9205,77.34,87,14,7.29,SB,2021-07-21 18:36:54
107,Mga,59.75,31.0667,53.02,61,17,3.62,RU,2021-07-21 18:32:18
108,Kamsack,51.5667,-101.9009,75.65,44,2,7.65,CA,2021-07-21 18:36:54
109,Marystown,47.1666,-55.1483,62.56,97,100,8.39,CA,2021-07-21 18:36:55
110,Geraldton,-28.7667,114.6,59.41,88,90,4.61,AU,2021-07-21 18:36:55
111,Yellowknife,62.456,-114.3525,67.28,80,90,9.22,CA,2021-07-21 18:36:56
112,Upernavik,72.7868,-56.1549,42.93,81,56,4.81,GL,2021-07-21 18:36:56
113,Bluff,-46.6,168.3333,45.81,79,100,10.83,NZ,2021-07-21 18:36:56
114,Alta Floresta,-9.8756,-56.0861,96.62,24,0,11.5,BR,2021-07-21 18:36:56
115,Stromness,58.965,-3.296,57.45,85,5,8.05,GB,2021-07-21 18:36:57
116,Cap Malheureux,-19.9842,57.6142,72.09,66,51,10.0,MU,2021-07-21 18:36:57
117,Thompson,55.7435,-97.8558,71.76,56,75,5.75,CA,2021-07-21 18:35:02
118,Kendari,-3.945,122.4989,72.5,96,100,3.31,ID,2021-07-21 18:36:57
119,Kaitangata,-46.2817,169.8464,43.99,92,100,4.74,NZ,2021-07-21 18:36:58
120,Kahului,20.8947,-156.47,76.26,86,40,11.5,US,2021-07-21 18:33:11
121,Camacha,33.0833,-16.3333,72.36,73,20,12.66,PT,2021-07-21 18:33:22
122,Iqaluit,63.7506,-68.5145,42.53,86,90,8.01,CA,2021-07-21 18:36:58
123,Avarua,-21.2078,-159.775,73.45,100,20,3.44,CK,2021-07-21 18:36:59
124,Bilibino,68.0546,166.4372,52.93,57,100,3.11,RU,2021-07-21 18:32:20
125,Mahajanga,-15.7167,46.3167,75.22,43,0,5.75,MG,2021-07-21 18:36:59
126,New Norfolk,-42.7826,147.0587,47.57,80,100,3.18,AU,2021-07-21 18:36:59
127,Aripuana,-9.1667,-60.6333,96.31,23,0,3.98,BR,2021-07-21 18:37:00
128,Bambous Virieux,-20.3428,57.7575,71.85,64,40,17.27,MU,2021-07-21 18:37:00
129,Mayor Pablo Lagerenza,-19.9309,-60.7718,84.06,15,40,4.97,PY,2021-07-21 18:37:00
130,Ribeira Grande,38.5167,-28.7,72.0,64,20,16.11,PT,2021-07-21 18:37:01
131,Shenzhen,22.5455,114.0683,83.21,95,100,4.16,CN,2021-07-21 18:33:20
132,Atuona,-9.8,-139.0333,77.72,65,87,19.33,PF,2021-07-21 18:37:01
133,Whitehorse,60.7161,-135.0538,65.17,52,20,8.05,CA,2021-07-21 18:32:13
134,Tura,25.5198,90.2201,75.69,96,100,3.15,IN,2021-07-21 18:37:01
135,Ozerki,57.6167,39.8833,59.02,88,0,2.24,RU,2021-07-21 18:37:02
136,Vanimo,-2.6741,141.3028,76.84,89,98,3.6,PG,2021-07-21 18:37:02
137,Mehamn,71.0357,27.8492,46.58,81,90,27.63,NO,2021-07-21 18:37:02
138,Inongo,-1.95,18.2667,76.06,43,7,1.16,CD,2021-07-21 18:37:03
139,Lorengau,-2.0226,147.2712,80.58,78,69,2.42,PG,2021-07-21 18:37:03
140,Moore,35.3395,-97.4867,84.49,46,11,6.96,US,2021-07-21 18:32:33
141,Sao Jose Da Coroa Grande,-8.8978,-35.1478,76.68,81,9,12.77,BR,2021-07-21 18:37:04
142,Qinhuangdao,39.9317,119.5883,74.41,87,100,0.43,CN,2021-07-21 18:37:04
143,Nhulunbuy,-12.2333,136.7667,66.81,88,88,3.44,AU,2021-07-21 18:37:04
144,Florianopolis,-27.6146,-48.5012,73.4,69,0,10.36,BR,2021-07-21 18:37:05
145,Provideniya,64.3833,-173.3,41.38,82,100,4.12,RU,2021-07-21 18:37:05
146,Saint-Philippe,-21.3585,55.7679,69.39,83,66,16.49,RE,2021-07-21 18:37:05
147,Veshenskaya,49.6303,41.7334,70.2,80,99,9.93,RU,2021-07-21 18:37:06
148,Cheney,47.4874,-117.5758,68.34,59,75,8.05,US,2021-07-21 18:37:06
149,Kijang,35.2442,129.2139,78.53,92,100,9.8,KR,2021-07-21 18:37:06
150,Saint George,37.1041,-113.5841,99.95,29,1,1.99,US,2021-07-21 18:37:07
151,San Quintin,30.4833,-115.95,76.53,68,9,13.94,MX,2021-07-21 18:37:07
152,Port-Cartier,50.0334,-66.8654,66.74,52,100,5.57,CA,2021-07-21 18:37:07
153,Airai,-8.9266,125.4092,54.3,81,17,3.04,TL,2021-07-21 18:37:07
154,Bekhtery,46.251,32.2927,76.44,71,0,14.7,UA,2021-07-21 18:37:08
155,Sao Gabriel Da Cachoeira,-0.1303,-67.0892,82.2,89,75,3.44,BR,2021-07-21 18:37:08
156,Behbahan,30.5959,50.2417,88.92,38,90,3.04,IR,2021-07-21 18:37:08
157,Georgetown,5.4112,100.3354,84.88,85,20,2.3,MY,2021-07-21 18:35:16
158,Victoria,22.2855,114.1577,82.08,83,99,9.71,HK,2021-07-21 18:36:06
159,Bowen,-20.0167,148.2333,44.82,65,6,9.62,AU,2021-07-21 18:37:09
160,Torbay,47.6666,-52.7314,58.26,98,90,12.66,CA,2021-07-21 18:35:36
161,Uribia,11.7139,-72.266,94.51,37,7,29.97,CO,2021-07-21 18:37:09
162,Port Hardy,50.6996,-127.4199,55.58,94,75,4.61,CA,2021-07-21 18:37:10
163,Dingle,10.9995,122.6711,77.49,82,100,10.94,PH,2021-07-21 18:37:10
164,Karachi,24.9056,67.0822,84.02,79,75,16.11,PK,2021-07-21 18:32:11
165,Yulara,-25.2406,130.9889,57.04,41,0,8.05,AU,2021-07-21 18:37:11
166,Vila Velha,-20.3297,-40.2925,76.96,62,20,10.36,BR,2021-07-21 18:34:55
167,Xinxiang,35.3089,113.8672,71.51,98,100,8.57,CN,2021-07-21 18:37:11
168,Hualmay,-11.0964,-77.6139,68.65,69,21,10.85,PE,2021-07-21 18:37:11
169,Amapa,1.0,-52.0,86.14,60,9,4.54,BR,2021-07-21 18:37:12
170,Korla,41.7597,86.1469,85.14,22,100,8.34,CN,2021-07-21 18:37:12
171,Chokurdakh,70.6333,147.9167,43.45,74,68,7.05,RU,2021-07-21 18:37:12
172,Pisco,-13.7,-76.2167,64.45,77,40,8.05,PE,2021-07-21 18:35:13
173,Palamos,41.8484,3.1291,83.98,55,71,9.62,ES,2021-07-21 18:37:13
174,Clyde River,70.4692,-68.5914,39.43,87,75,8.05,CA,2021-07-21 18:37:13
175,Dryden,49.7833,-92.7503,68.29,37,90,13.8,CA,2021-07-21 18:37:13
176,Khandyga,62.6667,135.6,63.82,99,100,3.96,RU,2021-07-21 18:37:14
177,Necochea,-38.5473,-58.7368,63.03,54,100,10.16,AR,2021-07-21 18:37:14
178,Alyangula,-13.8483,136.4192,53.47,87,100,0.0,AU,2021-07-21 18:37:14
179,Mizdah,31.4451,12.9801,79.66,36,0,12.71,LY,2021-07-21 18:37:15
180,Esso,55.9333,158.7,56.66,69,100,4.03,RU,2021-07-21 18:37:15
181,Sangar,63.9242,127.4739,54.9,95,100,5.32,RU,2021-07-21 18:37:15
182,Douglas,41.3,-96.167,86.99,58,1,5.01,US,2021-07-21 18:37:16
183,Karad,17.2833,74.2,71.01,94,100,17.94,IN,2021-07-21 18:37:16
184,Monte Patria,-30.6919,-70.9467,78.04,17,42,5.1,CL,2021-07-21 18:35:53
185,Wajima,37.4,136.9,77.4,88,3,5.1,JP,2021-07-21 18:37:16
186,Lisala,2.15,21.5167,74.43,81,100,1.43,CD,2021-07-21 18:37:17
187,Taoudenni,22.6783,-3.9836,112.12,7,56,12.46,ML,2021-07-21 18:37:17
188,Berlevag,70.8578,29.0864,46.2,76,75,29.93,NO,2021-07-21 18:37:17
189,Bagdarin,54.4333,113.6,54.39,96,100,1.92,RU,2021-07-21 18:37:18
190,Matara,5.9485,80.5353,79.3,85,100,13.96,LK,2021-07-21 18:37:18
191,Magomeni,-6.8,39.25,76.93,83,75,4.61,TZ,2021-07-21 18:37:18
192,Kautokeino,69.0125,23.0412,45.0,79,100,13.4,NO,2021-07-21 18:37:19
193,Potosi,-19.5836,-65.7531,51.94,19,52,2.3,BO,2021-07-21 18:37:19
194,Alexandria,31.2156,29.9553,82.36,74,20,12.66,EG,2021-07-21 18:37:19
195,Vostok,46.4856,135.8833,65.88,95,9,3.42,RU,2021-07-21 18:37:20
196,Eureka,40.8021,-124.1637,69.21,76,14,7.0,US,2021-07-21 18:37:20
197,Guerrero Negro,27.9769,-114.0611,78.71,62,51,13.71,MX,2021-07-21 18:37:20
198,Twin Falls,42.3505,-114.6445,87.69,48,1,8.05,US,2021-07-21 18:37:20
199,Beringovskiy,63.05,179.3167,50.83,74,100,5.77,RU,2021-07-21 18:37:21
200,Kyzyl-Suu,42.3414,78.0056,62.56,60,100,5.19,KG,2021-07-21 18:37:21
201,Ishigaki,24.3448,124.1572,82.58,90,100,41.72,JP,2021-07-21 18:37:21
202,Zhaotong,27.3167,103.7167,61.43,92,100,1.83,CN,2021-07-21 18:37:22
203,Talnakh,69.4865,88.3972,55.08,54,100,5.93,RU,2021-07-21 18:37:22
204,Katherine,-14.4667,132.2667,53.92,62,26,4.61,AU,2021-07-21 18:35:20
205,Hirekerur,14.4667,75.3833,69.89,93,100,15.14,IN,2021-07-21 18:37:23
206,Lavrentiya,65.5833,-171.0,40.42,81,100,7.63,RU,2021-07-21 18:37:23
207,Saint-Francois,46.4154,3.9054,81.84,45,0,4.61,FR,2021-07-21 18:37:23
208,Tonantins,-2.8731,-67.8022,90.41,43,23,4.25,BR,2021-07-21 18:37:24
209,Suoyarvi,62.0833,32.35,54.12,48,96,5.32,RU,2021-07-21 18:37:24
210,Abha,18.2164,42.5053,64.22,94,75,11.5,SA,2021-07-21 18:37:24
211,Hay River,60.8156,-115.7999,71.58,60,40,8.05,CA,2021-07-21 18:37:25
212,Salym,60.0625,71.4789,68.47,68,100,8.39,RU,2021-07-21 18:37:25
213,Naifaru,5.4444,73.3657,83.08,76,100,17.36,MV,2021-07-21 18:37:25
214,Pavilosta,56.8879,21.1859,64.31,67,0,9.71,LV,2021-07-21 18:37:25
215,Los Llanos De Aridane,28.6585,-17.9182,71.35,88,20,19.57,ES,2021-07-21 18:37:26
216,San Jose,37.3394,-121.895,88.09,50,1,4.61,US,2021-07-21 18:33:41
217,Iquique,-20.2208,-70.1431,60.84,68,22,6.38,CL,2021-07-21 18:32:27
218,Vila,42.0304,-8.1588,76.75,62,48,4.05,PT,2021-07-21 18:37:26
219,Egvekinot,66.3167,-179.1667,41.49,82,99,8.43,RU,2021-07-21 18:37:27
220,Kunya,12.2233,8.5325,84.63,54,100,6.26,NG,2021-07-21 18:37:27
221,Sambava,-14.2667,50.1667,71.87,85,100,15.84,MG,2021-07-21 18:37:27
222,Fort Smith,35.3859,-94.3986,88.38,53,1,4.0,US,2021-07-21 18:37:10
223,Tilichiki,60.4667,166.1,55.69,74,30,2.37,RU,2021-07-21 18:37:28
224,Ouegoa,-20.35,164.4333,66.24,76,10,5.48,NC,2021-07-21 18:37:28
225,Kamenka,51.3223,42.7678,68.22,88,100,3.36,RU,2021-07-21 18:37:28
226,Purworejo,-6.7872,111.9224,78.19,80,83,7.05,ID,2021-07-21 18:37:29
227,Matane,48.8286,-67.522,62.02,92,100,3.27,CA,2021-07-21 18:33:46
228,Port Elizabeth,-33.918,25.5701,49.1,81,20,25.32,ZA,2021-07-21 18:36:55
229,Berbera,10.4396,45.0143,89.26,49,100,12.57,SO,2021-07-21 18:37:29
230,Oliveira Dos Brejinhos,-12.3169,-42.8961,88.52,23,14,10.29,BR,2021-07-21 18:37:30
231,Ilulissat,69.2167,-51.1,41.83,76,32,2.62,GL,2021-07-21 18:37:30
232,Vardo,70.3705,31.1107,48.4,76,75,11.5,NO,2021-07-21 18:37:30
233,Myre,69.1036,15.9492,49.91,89,100,16.82,NO,2021-07-21 18:37:31
234,Saint-Georges,12.0564,-61.7485,85.68,74,20,20.71,GD,2021-07-21 18:37:31
235,Caraballeda,10.6112,-66.8522,92.86,49,5,17.27,VE,2021-07-21 18:37:31
236,Rosita,13.9268,-84.4032,83.03,80,33,5.95,NI,2021-07-21 18:37:32
237,Salalah,17.0151,54.0924,78.89,94,75,6.91,OM,2021-07-21 18:37:33
238,Zaoyang,32.1272,112.7542,76.12,92,53,0.96,CN,2021-07-21 18:37:33
239,Oranjemund,-28.55,16.4333,53.49,64,0,13.51,NA,2021-07-21 18:37:33
240,Lompoc,34.6391,-120.4579,88.21,74,1,12.66,US,2021-07-21 18:37:34
241,Jalu,29.0331,21.5482,89.42,32,0,12.64,LY,2021-07-21 18:37:34
242,East London,-33.0153,27.9116,59.94,21,0,9.22,ZA,2021-07-21 18:34:11
243,Olga,43.7444,135.2892,68.27,98,100,1.59,RU,2021-07-21 18:37:34
244,Muana,-1.5283,-49.2167,86.52,62,91,5.14,BR,2021-07-21 18:37:35
245,Paithan,19.4833,75.3833,74.88,92,100,19.15,IN,2021-07-21 18:37:35
246,Anloga,5.7947,0.8973,79.02,81,33,15.64,GH,2021-07-21 18:37:35
247,Saint-Leu,-21.15,55.2833,68.86,75,35,7.14,RE,2021-07-21 18:37:36
248,Henties Bay,-22.116,14.2845,56.86,82,0,9.17,NA,2021-07-21 18:37:36
249,Duekoue,6.7472,-7.3496,74.59,86,49,2.39,CI,2021-07-21 18:37:36
250,Kitob,39.0843,66.8332,81.18,24,5,4.5,UZ,2021-07-21 18:37:36
251,Saskylakh,71.9167,114.0833,56.57,68,100,13.35,RU,2021-07-21 18:37:37
252,Westport,41.1415,-73.3579,82.33,64,75,12.66,US,2021-07-21 18:35:02
253,Uyuni,-20.4597,-66.825,52.32,16,0,11.07,BO,2021-07-21 18:37:37
254,Lapeer,43.0514,-83.3188,76.23,46,75,6.91,US,2021-07-21 18:37:38
255,Pevek,69.7008,170.3133,40.12,67,4,1.3,RU,2021-07-21 18:37:38
256,Ancud,-41.8697,-73.8203,53.13,85,100,12.15,CL,2021-07-21 18:37:38
257,Itarema,-2.9248,-39.9167,83.79,58,58,18.25,BR,2021-07-21 18:37:38
258,Carnarvon,-24.8667,113.6333,55.47,68,75,3.44,AU,2021-07-21 18:37:39
259,Bourail,-21.5667,165.4833,62.94,82,0,3.76,NC,2021-07-21 18:37:39
260,Nikolskoye,59.7035,30.7861,62.49,59,15,4.32,RU,2021-07-21 18:37:39
261,Kumba,4.6363,9.4469,72.63,92,100,1.68,CM,2021-07-21 18:37:40
262,Coquimbo,-29.9533,-71.3436,55.13,76,40,12.66,CL,2021-07-21 18:37:13
263,Mahebourg,-20.4081,57.7,71.89,64,40,17.27,MU,2021-07-21 18:37:40
264,Nambucca Heads,-30.65,153.0,51.8,69,6,8.68,AU,2021-07-21 18:37:40
265,Halberstadt,51.9,11.05,68.79,80,74,3.58,DE,2021-07-21 18:37:41
266,Zhezkazgan,47.8043,67.7144,75.69,33,0,14.56,KZ,2021-07-21 18:37:41
267,Marsh Harbour,26.5412,-77.0636,84.74,72,99,10.27,BS,2021-07-21 18:37:42
268,Pangkalanbuun,-2.6833,111.6167,73.8,98,100,1.97,ID,2021-07-21 18:37:42
269,Narsaq,60.9167,-46.05,52.02,98,100,1.32,GL,2021-07-21 18:37:43
270,Sur,22.5667,59.5289,95.97,43,76,11.32,OM,2021-07-21 18:37:43
271,Bulolo,-7.2,146.65,68.81,98,90,0.69,PG,2021-07-21 18:37:43
272,Rodnikovskaya,44.7644,40.6656,74.68,83,0,7.16,RU,2021-07-21 18:37:44
273,Oleksandrivka,48.9634,32.2349,66.51,85,79,12.01,UA,2021-07-21 18:37:44
274,Sarakhs,36.5449,61.1577,95.14,18,4,4.61,IR,2021-07-21 18:37:44
275,Gdov,58.7406,27.8122,60.28,49,0,9.15,RU,2021-07-21 18:37:45
276,Buin,-33.7333,-70.75,79.12,19,99,4.12,CL,2021-07-21 18:37:45
277,Shingu,33.7333,135.9833,75.9,89,100,5.46,JP,2021-07-21 18:37:46
278,Pahrump,36.2083,-115.9839,95.25,23,99,1.99,US,2021-07-21 18:36:50
279,Coihaique,-45.5752,-72.0662,55.35,67,75,4.61,CL,2021-07-21 18:37:46
280,Fortuna,40.5982,-124.1573,68.94,67,40,5.01,US,2021-07-21 18:37:46
281,Bereznik,62.8551,42.7072,48.51,63,70,2.01,RU,2021-07-21 18:37:47
282,Iralaya,15.0,-83.2333,84.22,73,100,15.26,HN,2021-07-21 18:37:47
283,Brae,60.3964,-1.353,53.51,89,35,12.26,GB,2021-07-21 18:37:47
284,Morozovsk,48.3539,41.8261,88.48,68,9,10.36,RU,2021-07-21 18:37:48
285,Tepeaca,18.9667,-97.9,73.44,36,13,4.56,MX,2021-07-21 18:37:48
286,Lishan,31.8576,113.2951,76.75,92,71,2.44,CN,2021-07-21 18:37:48
287,Tres Arroyos,-38.3739,-60.2798,60.03,43,100,9.95,AR,2021-07-21 18:37:49
288,Shar,49.5886,81.0453,67.1,76,94,7.7,KZ,2021-07-21 18:37:49
289,Puerto Colombia,10.9878,-74.9547,93.29,67,6,21.94,CO,2021-07-21 18:37:49
290,Sobolevo,54.4299,31.8996,59.02,80,46,8.57,RU,2021-07-21 18:37:50
291,Oytal,42.9057,73.2697,73.17,43,100,6.38,KZ,2021-07-21 18:37:50
292,Hofn,64.2539,-15.2082,59.02,72,0,8.05,IS,2021-07-21 18:37:50
293,Barrow,71.2906,-156.7887,35.62,93,90,20.71,US,2021-07-21 18:37:51
294,Nebolchi,59.1239,33.3454,49.57,63,0,4.47,RU,2021-07-21 18:37:51
295,Narasannapeta,18.4167,84.05,79.16,86,100,11.21,IN,2021-07-21 18:37:51
296,Ardabil,38.2498,48.2933,71.73,59,0,1.54,IR,2021-07-21 18:34:40
297,Sitka,57.0531,-135.33,57.09,77,75,5.75,US,2021-07-21 18:37:52
298,Kaeo,-35.1,173.7833,57.33,95,81,10.16,NZ,2021-07-21 18:37:52
299,Tuatapere,-46.1333,167.6833,42.3,87,100,3.6,NZ,2021-07-21 18:37:53
300,Taft,31.7471,54.2088,82.67,14,0,4.74,IR,2021-07-21 18:37:53
301,Kopervik,59.2835,5.3067,63.28,77,0,14.97,NO,2021-07-21 18:37:53
302,Ipixuna,-1.7625,-48.8043,80.55,91,100,4.38,BR,2021-07-21 18:37:54
303,Constantine,36.365,6.6147,85.41,37,20,12.66,DZ,2021-07-21 18:37:54
304,Harper,4.375,-7.7169,77.0,78,63,6.91,LR,2021-07-21 18:37:54
305,Karata,42.5949,46.3393,63.84,73,26,4.85,RU,2021-07-21 18:37:55
306,Asau,46.4333,26.4,61.95,66,99,6.26,RO,2021-07-21 18:37:55
307,Kut Chap,17.4257,102.5669,73.63,97,100,1.5,TH,2021-07-21 18:37:55
308,Ust-Shonosha,61.1531,41.343,51.64,62,60,5.01,RU,2021-07-21 18:37:57
309,Esmeraldas,-19.7625,-44.3139,82.51,28,20,2.75,BR,2021-07-21 18:37:58
310,Moree,-29.4667,149.85,32.02,100,4,5.75,AU,2021-07-21 18:37:58
311,Sawtell,-30.3833,153.1,51.82,50,6,12.66,AU,2021-07-21 18:37:59
312,Aykhal,66.0,111.5,55.4,90,100,7.65,RU,2021-07-21 18:37:59
313,Zhuhai,22.2769,113.5678,83.05,94,20,4.61,CN,2021-07-21 18:36:53
314,Tukrah,32.5341,20.5791,79.32,72,14,13.04,LY,2021-07-21 18:37:59
315,Namtsy,62.7161,129.6658,61.47,79,99,9.04,RU,2021-07-21 18:38:00
316,Ranfurly,-45.1333,170.1,38.64,96,100,3.47,NZ,2021-07-21 18:38:00
317,College,64.8569,-147.8028,66.09,70,75,0.0,US,2021-07-21 18:38:01
318,Chuy,-33.6971,-53.4616,57.92,63,0,2.86,UY,2021-07-21 18:38:01
319,Adrar,20.5022,-10.0711,100.33,7,13,13.35,MR,2021-07-21 18:38:02
320,Ahipara,-35.1667,173.1667,57.0,90,76,11.79,NZ,2021-07-21 18:38:02
321,Vigia Del Fuerte,6.5789,-76.8863,91.71,56,99,3.51,CO,2021-07-21 18:38:02
322,Andros Town,24.7,-77.7667,87.76,67,24,13.31,BS,2021-07-21 18:38:03
323,Milkovo,54.7167,158.6167,58.23,87,22,2.21,RU,2021-07-21 18:33:11
324,Pa Sang,18.5262,98.9394,79.0,90,98,4.23,TH,2021-07-21 18:38:03
325,Karratha,-20.7377,116.8463,71.83,76,6,8.7,AU,2021-07-21 18:38:04
326,Yamada,39.4667,141.95,70.56,96,100,1.61,JP,2021-07-21 18:38:04
327,Alofi,-19.0595,-169.9187,67.89,94,92,4.61,NU,2021-07-21 18:38:05
328,Loviisa,60.4566,26.2251,63.63,49,0,9.04,FI,2021-07-21 18:38:05
329,Namatanai,-3.6667,152.4333,77.85,87,88,4.76,PG,2021-07-21 18:38:05
330,Sept-Iles,50.2001,-66.3821,67.05,61,90,4.0,CA,2021-07-21 18:34:18
331,Mattru,7.6244,-11.8332,75.81,88,100,3.89,SL,2021-07-21 18:38:06
332,Havre-Saint-Pierre,50.2334,-63.5986,64.76,59,40,10.36,CA,2021-07-21 18:38:06
333,Fairbanks,64.8378,-147.7164,66.02,69,90,0.0,US,2021-07-21 18:35:32
334,Wamba,8.9333,8.6,73.9,91,79,3.29,NG,2021-07-21 18:38:07
335,Dakar,14.6937,-17.4441,80.33,80,46,9.44,SN,2021-07-21 18:36:13
336,Saldanha,-33.0117,17.9442,50.05,62,100,17.43,ZA,2021-07-21 18:38:07
337,Leh,34.1667,77.5833,57.7,65,10,5.86,IN,2021-07-21 18:38:08
338,Vestmannaeyjar,63.4427,-20.2734,54.59,94,90,5.75,IS,2021-07-21 18:38:08
339,Vila Franca Do Campo,37.7167,-25.4333,72.01,68,8,10.6,PT,2021-07-21 18:38:08
340,Toora-Khem,52.4675,96.11,59.83,68,97,3.36,RU,2021-07-21 18:38:09
341,Bosaso,11.2842,49.1816,89.94,47,20,6.73,SO,2021-07-21 18:38:09
342,Imbituba,-28.24,-48.6703,64.29,61,0,3.15,BR,2021-07-21 18:38:09
343,Ous,60.9058,61.5186,56.98,76,3,5.28,RU,2021-07-21 18:38:10
344,Penzance,50.1186,-5.5371,79.48,74,100,6.91,GB,2021-07-21 18:38:10
345,Liwale,-9.7667,37.9333,71.71,68,100,2.98,TZ,2021-07-21 18:38:11
346,Chyhyryn,49.0838,32.6555,69.51,77,66,14.74,UA,2021-07-21 18:38:11
347,Boca Do Acre,-8.7522,-67.3978,92.37,27,0,3.4,BR,2021-07-21 18:38:11
348,San-Pedro,4.7485,-6.6363,76.03,81,27,4.05,CI,2021-07-21 18:38:12
349,Touros,-5.1989,-35.4608,83.3,69,13,16.96,BR,2021-07-21 18:38:12
350,Longyearbyen,78.2186,15.6401,42.64,65,40,16.11,SJ,2021-07-21 18:38:12
351,Grindavik,63.8424,-22.4338,57.15,88,75,13.8,IS,2021-07-21 18:38:13
352,Seymchan,62.8833,152.4333,68.88,63,100,2.21,RU,2021-07-21 18:38:13
353,Acapulco,16.8634,-99.8901,87.89,68,51,5.77,MX,2021-07-21 18:34:39
354,Borogontsy,62.6683,131.1683,61.41,77,100,7.36,RU,2021-07-21 18:38:14
355,San Pedro De Ycuamandiyu,-24.0917,-57.0764,81.18,16,0,4.63,PY,2021-07-21 18:38:15
356,Raga,8.4596,25.678,70.77,87,73,4.34,SS,2021-07-21 18:38:16
357,Aguimes,27.9054,-15.4461,72.66,58,20,33.38,ES,2021-07-21 18:38:16
358,Balikpapan,-1.2675,116.8289,75.88,86,100,8.41,ID,2021-07-21 18:34:25
359,Inhambane,-23.865,35.3833,71.58,94,40,11.5,MZ,2021-07-21 18:38:17
360,Tahta,26.7693,31.5021,98.71,19,2,14.03,EG,2021-07-21 18:38:17
361,Mahasamund,21.1,82.1,76.86,91,100,10.38,IN,2021-07-21 18:38:18
362,Miquelon,47.0975,-56.3814,68.0,96,37,8.16,PM,2021-07-21 18:38:18
363,Villa Maria,-32.4075,-63.2402,70.29,24,59,17.29,AR,2021-07-21 18:38:18
364,Akyab,20.15,92.9,79.43,93,100,22.21,MM,2021-07-21 18:38:19
365,Dicabisagan,17.0818,122.4157,78.55,84,85,4.85,PH,2021-07-21 18:38:19
366,Mancio Lima,-7.6142,-72.8958,86.07,51,20,3.44,BR,2021-07-21 18:38:20
367,Khipro,25.8285,69.3772,87.21,67,0,21.72,PK,2021-07-21 18:38:20
368,Kuzedeyevo,53.3308,87.2019,59.18,94,100,3.6,RU,2021-07-21 18:38:21
369,Sol-Iletsk,51.1631,54.9918,77.61,51,7,6.33,RU,2021-07-21 18:38:21
370,Chapais,49.7834,-74.8492,69.58,26,18,7.58,CA,2021-07-21 18:38:22
371,Mount Gambier,-37.8333,140.7667,44.51,100,90,8.05,AU,2021-07-21 18:38:22
372,Nantucket,41.2835,-70.0995,85.6,78,75,10.36,US,2021-07-21 18:38:22
373,Robertsport,6.7533,-11.3686,78.67,78,100,11.05,LR,2021-07-21 18:38:23
374,Eyl,7.9803,49.8164,80.17,72,65,22.93,SO,2021-07-21 18:38:23
375,Santa Rosa,14.3122,121.1114,81.91,94,100,13.67,PH,2021-07-21 18:37:41
376,Lagoa,39.05,-27.9833,67.73,72,100,16.98,PT,2021-07-21 18:38:24
377,Saint Paul,44.9444,-93.0933,82.63,65,1,4.61,US,2021-07-21 18:36:27
378,Ilhabela,-23.7781,-45.3581,66.6,64,17,4.65,BR,2021-07-21 18:38:24
379,Saint-Michel-Des-Saints,46.6834,-73.9159,71.49,41,97,7.96,CA,2021-07-21 18:38:25
380,Zhigansk,66.7697,123.3711,53.83,68,12,7.05,RU,2021-07-21 18:38:25
381,Bundaberg,-24.85,152.35,43.09,74,5,5.75,AU,2021-07-21 18:38:26
382,Biak,-0.9131,122.8766,74.5,91,100,7.78,ID,2021-07-21 18:38:26
383,Praia Da Vitoria,38.7333,-27.0667,75.45,60,75,17.63,PT,2021-07-21 18:38:26
384,Manakara,-22.1333,48.0167,66.18,83,0,4.74,MG,2021-07-21 18:38:27
385,Langxiang,46.95,128.8833,67.82,95,80,1.54,CN,2021-07-21 18:38:27
386,Broken Hill,-31.95,141.4333,42.51,70,100,8.05,AU,2021-07-21 18:38:27
387,Ligayan,4.6533,119.4706,83.14,79,48,15.88,PH,2021-07-21 18:38:28
388,Byron Bay,-28.65,153.6167,43.88,69,0,11.9,AU,2021-07-21 18:34:43
389,Yaan,7.3833,8.5667,73.87,93,95,5.17,NG,2021-07-21 18:38:28
390,Acari,-15.4311,-74.6158,75.65,47,0,7.94,PE,2021-07-21 18:38:29
391,Beni Mazar,28.4962,30.8029,92.37,27,0,8.16,EG,2021-07-21 18:38:29
392,Maceio,-9.6658,-35.7353,74.64,83,90,5.75,BR,2021-07-21 18:38:29
393,Tuy Hoa,13.0833,109.3,81.81,70,100,15.99,VN,2021-07-21 18:33:54
394,Meru,0.0463,37.6559,62.29,66,99,7.65,KE,2021-07-21 18:38:30
395,Colac,-38.3333,143.5833,44.83,95,100,3.8,AU,2021-07-21 18:38:30
396,Bezhetsk,57.7851,36.6965,55.44,70,67,7.61,RU,2021-07-21 18:38:31
397,Canutama,-6.5339,-64.3831,95.22,29,7,4.16,BR,2021-07-21 18:38:31
398,Barcelos,41.5388,-8.6151,70.43,75,15,6.98,PT,2021-07-21 18:38:32
399,Pudozh,61.8099,36.5345,50.76,50,81,3.69,RU,2021-07-21 18:38:32
400,Alugan,12.2188,125.4808,81.77,74,100,14.88,PH,2021-07-21 18:38:33
401,Manzil Salim,35.8567,8.4765,91.4,26,18,15.03,TN,2021-07-21 18:38:33
402,Rafraf,37.1904,10.1837,80.92,70,0,7.27,TN,2021-07-21 18:38:34
403,Frontera Comalapa,15.65,-92.1333,84.13,62,97,2.24,MX,2021-07-21 18:38:34
404,Sinnai,39.3042,9.2036,82.51,65,0,3.44,IT,2021-07-21 18:38:34
405,Rudnaya Pristan,44.3614,135.8116,68.77,98,100,3.2,RU,2021-07-21 18:38:35
406,Pareora,-44.4871,171.2132,45.79,85,100,15.41,NZ,2021-07-21 18:38:35
407,Waipawa,-41.4122,175.5153,50.63,91,100,7.63,NZ,2021-07-21 18:38:36
408,Healdsburg,38.6105,-122.8692,96.1,46,1,5.75,US,2021-07-21 18:38:36
409,Artyom,40.4723,50.333,84.34,55,52,1.3,AZ,2021-07-21 18:38:37
410,Cockburn Town,21.4612,-71.1419,81.86,80,79,16.17,TC,2021-07-21 18:38:37
411,Kishi,9.0833,3.85,76.89,74,82,5.88,NG,2021-07-21 18:38:38
412,Keflavik,64.0049,-22.5624,52.47,91,100,9.93,IS,2021-07-21 18:38:39
413,Leningradskiy,69.3833,178.4167,36.77,80,100,5.75,RU,2021-07-21 18:38:39
414,Beloha,-25.1667,45.05,73.22,62,82,7.25,MG,2021-07-21 18:38:40
415,Pacific Grove,36.6177,-121.9166,85.15,83,40,1.01,US,2021-07-21 18:38:40
416,Kavaratti,10.5669,72.642,82.31,83,100,20.02,IN,2021-07-21 18:38:41
417,Naze,28.3667,129.4833,76.8,91,100,26.4,JP,2021-07-21 18:38:41
418,Zhanaozen,43.3,52.8,89.2,33,0,10.36,KZ,2021-07-21 18:38:41
419,Kem,64.9555,34.5793,54.99,57,100,7.72,RU,2021-07-21 18:38:42
420,Cayenne,4.9333,-52.3333,87.84,74,75,4.0,GF,2021-07-21 18:38:42
421,Nayoro,44.3506,142.4578,64.27,95,100,1.74,JP,2021-07-21 18:38:42
422,Beaverlodge,55.2166,-119.4361,58.35,82,100,3.65,CA,2021-07-21 18:38:43
423,Klaksvik,62.2266,-6.589,54.52,84,0,15.37,FO,2021-07-21 18:38:43
424,Lienz,46.8289,12.769,64.9,85,4,2.35,AT,2021-07-21 18:38:44
425,Dongsheng,39.8161,109.9776,65.75,83,5,12.35,CN,2021-07-21 18:38:44
426,Iracoubo,5.4802,-53.2011,82.8,79,28,9.13,GF,2021-07-21 18:38:44
427,Berberati,4.2612,15.7922,73.15,78,100,2.98,CF,2021-07-21 18:38:45
428,Nyurba,63.2842,118.3319,59.47,93,100,4.07,RU,2021-07-21 18:38:45
429,Coahuayana,18.7333,-103.6833,90.93,57,58,5.77,MX,2021-07-21 18:38:46
430,Kommunar,59.6206,30.39,62.13,56,14,7.9,RU,2021-07-21 18:38:46
431,Onega,63.9061,38.1404,51.58,57,100,5.79,RU,2021-07-21 18:38:46
432,Sovetskiy,61.3614,63.5842,57.42,92,0,6.29,RU,2021-07-21 18:38:47
433,Lasa,46.6166,10.7002,78.71,79,53,1.21,IT,2021-07-21 18:38:47
434,Deputatskiy,69.3,139.9,48.94,77,100,2.33,RU,2021-07-21 18:38:48
435,Blankenberge,51.3131,3.1323,76.24,53,5,3.0,BE,2021-07-21 18:38:48
436,Bitung,1.4451,125.1824,78.55,86,67,12.66,ID,2021-07-21 18:38:49
437,Warrington,53.3925,-2.5802,85.24,51,20,4.0,GB,2021-07-21 18:37:50
438,Husavik,66.0449,-17.3389,69.71,64,8,4.16,IS,2021-07-21 18:38:49
439,Samagaltay,50.6022,95.0047,63.82,39,0,3.69,RU,2021-07-21 18:38:49
440,Coaticook,45.1334,-71.7991,62.37,99,100,6.62,CA,2021-07-21 18:38:50
441,Goure,13.9835,10.2704,90.01,43,100,8.5,NE,2021-07-21 18:38:50
442,Costinesti,43.95,28.6333,71.89,72,10,20.22,RO,2021-07-21 18:38:51
443,Cabo San Lucas,22.8909,-109.9124,100.81,63,55,8.43,MX,2021-07-21 18:38:51
444,Sorland,67.667,12.6934,51.15,94,100,25.46,NO,2021-07-21 18:38:52
445,Erbaa,40.6689,36.5675,75.99,93,1,3.58,TR,2021-07-21 18:38:52
446,Ust-Tsilma,65.441,52.1498,47.26,87,100,10.09,RU,2021-07-21 18:38:53
447,Zheleznodorozhnyy,55.7503,38.0042,69.98,59,40,6.69,RU,2021-07-21 18:38:53
448,Ketchikan,55.3422,-131.6461,57.67,94,90,9.22,US,2021-07-21 18:35:19
449,Yairipok,24.6667,94.0667,70.92,97,99,2.62,IN,2021-07-21 18:38:53
450,Singaparna,-7.3515,108.111,71.04,97,73,1.03,ID,2021-07-21 18:38:54
451,Liverpool,53.4106,-2.9779,84.18,65,20,3.0,GB,2021-07-21 18:34:11
452,Zyryanskoye,56.8306,86.6258,60.35,80,33,3.04,RU,2021-07-21 18:38:54
453,Camana,-16.6228,-72.7111,65.61,71,2,5.95,PE,2021-07-21 18:38:55
454,Ca Mau,9.1769,105.15,77.74,90,99,4.34,VN,2021-07-21 18:38:55
455,Cay,38.5917,31.0286,72.9,57,0,6.64,TR,2021-07-21 18:38:56
456,Nemuro,43.3236,145.575,60.53,94,100,4.41,JP,2021-07-21 18:38:56
457,Kholodnyy,62.7167,147.95,61.23,86,100,3.22,RU,2021-07-21 18:38:57
458,Parrita,9.5201,-84.3225,85.26,72,100,5.57,CR,2021-07-21 18:38:57
459,Stawell,-37.05,142.7667,38.41,95,100,5.55,AU,2021-07-21 18:38:58
460,Isangel,-19.55,169.2667,73.89,89,18,1.97,VU,2021-07-21 18:38:58
461,Buraydah,26.326,43.975,102.65,19,99,1.16,SA,2021-07-21 18:38:59
462,Bud,39.447,-86.1758,82.53,65,25,7.38,US,2021-07-21 18:38:59
463,Grootfontein,-19.5667,18.1167,57.52,26,0,7.29,NA,2021-07-21 18:39:00
464,De-Kastri,51.4667,140.7833,61.41,99,100,6.26,RU,2021-07-21 18:39:00
465,Samarkand,39.6542,66.9597,80.02,39,2,2.3,UZ,2021-07-21 18:39:01
466,Juegang,32.3174,121.1855,77.88,83,86,11.92,CN,2021-07-21 18:39:01
467,Saint-Louis,16.3333,-15.0,100.04,35,24,20.36,SN,2021-07-21 18:39:01
468,Doaba,33.4244,70.7364,79.56,54,87,2.55,PK,2021-07-21 18:39:02
469,Bilma,18.6853,12.9164,101.23,18,90,1.52,NE,2021-07-21 18:39:03
470,Te Anau,-45.4167,167.7167,41.67,95,100,3.69,NZ,2021-07-21 18:39:03
471,Saint-Pierre,-21.3393,55.4781,69.48,82,75,23.02,RE,2021-07-21 18:39:04
472,Santa Isabel Do Rio Negro,-0.4139,-65.0192,87.35,61,77,2.77,BR,2021-07-21 18:39:04
473,Broome,42.2506,-75.833,72.86,68,90,3.0,US,2021-07-21 18:39:05
474,Varberg,57.1056,12.2508,67.93,72,5,5.12,SE,2021-07-21 18:39:05
475,Dalvik,65.9702,-18.5286,66.36,53,1,9.53,IS,2021-07-21 18:39:05
476,Olinda,-8.0089,-34.8553,76.57,82,27,15.41,BR,2021-07-21 18:39:06
477,Sinop,41.7711,34.8709,67.64,93,38,4.94,TR,2021-07-21 18:39:06
478,Carutapera,-1.195,-46.02,83.44,71,56,10.07,BR,2021-07-21 18:39:07
479,Amazar,53.858,120.875,61.68,95,100,2.44,RU,2021-07-21 18:39:07
480,Puerto Escondido,15.85,-97.0667,89.56,59,17,7.4,MX,2021-07-21 18:39:08
481,Graham,47.0529,-122.2943,67.41,66,90,1.01,US,2021-07-21 18:39:08
482,Felanitx,39.4696,3.1483,82.92,60,0,6.49,ES,2021-07-21 18:39:09
483,Ryotsu,38.0833,138.4333,76.91,89,11,4.9,JP,2021-07-21 18:39:09
484,Cidreira,-30.1811,-50.2056,61.86,50,0,6.51,BR,2021-07-21 18:39:09
485,Rognan,67.0953,15.3878,51.94,94,100,10.25,NO,2021-07-21 18:39:10
486,Kano,12.0001,8.5167,84.51,53,100,5.79,NG,2021-07-21 18:39:10
487,Kawalu,-7.3817,108.2082,72.48,96,87,0.85,ID,2021-07-21 18:39:11
488,Tromso,69.6496,18.957,50.65,93,75,1.99,NO,2021-07-21 18:34:57
489,Svetlogorsk,52.6333,29.7333,63.73,68,12,9.31,BY,2021-07-21 18:39:11
490,Nouadhibou,20.931,-17.0347,73.38,73,0,20.71,MR,2021-07-21 18:39:12
491,Ponnani,10.767,75.9252,74.52,87,100,12.73,IN,2021-07-21 18:39:12
492,Mokhsogollokh,61.4681,128.9203,57.47,98,30,8.19,RU,2021-07-21 18:39:13
493,Shelburne,44.0787,-80.2041,72.66,34,0,11.18,CA,2021-07-21 18:35:38
494,Tarakan,3.3,117.6333,80.1,83,40,8.05,ID,2021-07-21 18:39:13
495,Wagga Wagga,-35.1167,147.3667,30.61,100,29,5.75,AU,2021-07-21 18:39:14
496,Pangnirtung,66.1451,-65.7125,46.4,81,75,14.97,CA,2021-07-21 18:39:14
497,Gigmoto,13.7796,124.39,81.3,84,100,14.2,PH,2021-07-21 18:39:14
498,Grand-Bourg,15.8835,-61.3148,79.83,80,63,14.36,GP,2021-07-21 18:39:15
499,Port Moresby,-9.4431,147.1797,76.42,83,40,11.5,PG,2021-07-21 18:39:16
500,Mamallapuram,12.6264,80.1722,82.45,63,97,16.84,IN,2021-07-21 18:39:16
501,Yumen,40.2833,97.2,76.1,44,100,10.98,CN,2021-07-21 18:39:16
502,Port Augusta,-32.5,137.7667,44.42,82,100,19.95,AU,2021-07-21 18:39:17
503,Saint-Joseph,-21.3667,55.6167,68.38,80,53,16.82,RE,2021-07-21 18:39:18
504,Barwani,22.0333,74.9,81.61,81,100,10.07,IN,2021-07-21 18:39:18
505,Nieuw Amsterdam,5.8833,-55.0833,93.22,49,40,5.75,SR,2021-07-21 18:39:18
506,Codrington,-38.2667,141.9667,41.67,93,100,9.91,AU,2021-07-21 18:39:19
507,Mogadishu,2.0371,45.3438,76.71,87,21,18.1,SO,2021-07-21 18:35:52
508,Viedma,-40.8135,-62.9967,61.12,40,100,14.34,AR,2021-07-21 18:39:20
509,Aksarka,66.5606,67.7975,53.01,88,37,8.55,RU,2021-07-21 18:39:20
510,Namibe,-15.1961,12.1522,65.88,79,0,3.83,AO,2021-07-21 18:39:21
511,Gushikawa,26.3544,127.8686,80.6,90,1,26.46,JP,2021-07-21 18:39:21
512,Waw,7.7029,27.9953,72.18,81,100,3.24,SS,2021-07-21 18:39:21
513,Srednekolymsk,67.45,153.6833,56.12,80,77,4.88,RU,2021-07-21 18:39:22
514,Sao Filipe,14.8961,-24.4956,77.09,82,100,5.48,CV,2021-07-21 18:39:22
515,Gilgit,35.9221,74.3087,73.49,64,94,2.71,PK,2021-07-21 18:39:23
516,Sabang,5.8933,95.3214,82.76,77,100,24.81,ID,2021-07-21 18:39:23
517,Paamiut,61.994,-49.6678,42.76,88,99,10.89,GL,2021-07-21 18:39:24
518,Baghmara,23.795,86.2085,83.17,78,100,3.24,IN,2021-07-21 18:39:24
519,Alenquer,-1.9417,-54.7383,88.14,44,75,6.35,BR,2021-07-21 18:39:24
520,Praia,14.9215,-23.5087,82.94,74,20,10.36,CV,2021-07-21 18:39:25
521,Hearst,49.6835,-83.6665,73.65,44,100,4.16,CA,2021-07-21 18:39:26
522,Lethem,3.3803,-59.7968,85.87,66,55,5.32,GY,2021-07-21 18:39:26
523,Alekseyevsk,57.8406,108.3492,60.26,84,33,2.95,RU,2021-07-21 18:39:26
524,Williston,48.147,-103.618,87.93,38,92,10.71,US,2021-07-21 18:39:27
525,Rapid Valley,44.0625,-103.1463,93.63,40,1,1.01,US,2021-07-21 18:39:27
526,Flinders,-34.5833,150.8552,46.2,78,0,1.01,AU,2021-07-21 18:39:27
527,Altay,47.8667,88.1167,72.45,29,100,8.19,CN,2021-07-21 18:39:28
528,Saint-Felicien,48.6501,-72.4491,75.88,46,40,6.91,CA,2021-07-21 18:38:00
529,Darhan,49.4867,105.9228,59.4,95,100,2.89,MN,2021-07-21 18:39:29
530,Piacabucu,-10.4056,-36.4344,76.89,76,41,10.22,BR,2021-07-21 18:39:29
531,Innisfail,-17.5333,146.0333,60.15,63,14,4.65,AU,2021-07-21 18:39:30
532,Zenica,44.2014,17.9064,73.81,75,0,2.66,BA,2021-07-21 18:36:06
533,Karwar,14.8,74.1333,77.16,86,100,15.75,IN,2021-07-21 18:39:30
534,Sisimiut,66.9395,-53.6735,45.9,76,44,7.02,GL,2021-07-21 18:39:31
535,Swan Hill,-35.3378,143.5544,40.23,76,100,6.33,AU,2021-07-21 18:39:31
536,Iskateley,67.6803,53.1512,41.95,91,100,19.57,RU,2021-07-21 18:39:31
537,Porto Empedocle,37.2934,13.5264,77.68,70,0,4.85,IT,2021-07-21 18:39:32
538,Ajdabiya,30.7554,20.2263,78.94,71,0,19.13,LY,2021-07-21 18:39:32
539,Kosa,59.9445,54.9977,58.17,74,100,1.45,RU,2021-07-21 18:39:33
540,Avera,33.194,-82.5271,87.44,56,100,6.51,US,2021-07-21 18:39:34
541,Haicheng,40.8516,122.7475,73.74,90,100,2.08,CN,2021-07-21 18:39:34
542,Batticaloa,7.7102,81.6924,82.17,63,100,12.77,LK,2021-07-21 18:39:34
543,Pangai,-19.8,-174.35,76.73,67,4,18.7,TO,2021-07-21 18:39:35
544,Atar,20.5169,-13.0499,105.12,7,5,16.15,MR,2021-07-21 18:39:35
545,Misratah,32.3754,15.0925,79.5,68,0,9.53,LY,2021-07-21 18:39:36
546,Jacksonville,30.3322,-81.6556,98.22,60,75,3.0,US,2021-07-21 18:36:51
547,Maragogi,-9.0122,-35.2225,76.44,82,5,12.35,BR,2021-07-21 18:39:36
548,Guadalupe Y Calvo,26.1,-106.9667,73.38,42,100,2.24,MX,2021-07-21 18:39:37
549,Pontianak,-0.0333,109.3333,78.78,94,40,2.3,ID,2021-07-21 18:39:37
550,Bandarbeyla,9.4942,50.8122,77.49,83,41,25.5,SO,2021-07-21 18:39:38
551,Bathsheba,13.2167,-59.5167,84.81,79,75,20.71,BB,2021-07-21 18:39:38
552,Linxia,35.6003,103.2064,62.8,77,75,3.53,CN,2021-07-21 18:39:39
553,Pesochnoye,58.006,39.1772,54.21,94,91,6.06,RU,2021-07-21 18:39:40
554,Dickinson,29.4608,-95.0513,91.67,73,75,3.44,US,2021-07-21 18:38:01
555,Aquiraz,-3.9014,-38.3911,86.09,64,1,10.71,BR,2021-07-21 18:39:40
556,Lakefield,43.6775,-95.1717,82.83,49,71,10.71,US,2021-07-21 18:39:41
557,Denpasar,-8.65,115.2167,78.46,89,40,6.91,ID,2021-07-21 18:37:50
558,Hazorasp,41.3194,61.0742,75.04,17,0,12.57,UZ,2021-07-21 18:39:41
559,Belle Fourche,44.6714,-103.8522,91.31,33,0,8.7,US,2021-07-21 18:39:41
560,Birao,10.2849,22.7882,74.64,86,98,5.46,CF,2021-07-21 18:39:42
561,Pangoa,-12.1167,-73.0,81.64,46,55,4.16,PE,2021-07-21 18:39:42
562,Yondo,7.0062,-73.9097,97.45,39,8,1.95,CO,2021-07-21 18:39:43
563,Lensk,60.7253,114.9278,62.74,71,100,2.04,RU,2021-07-21 18:39:44
564,Chirkey,42.9613,46.9787,76.15,47,90,5.35,RU,2021-07-21 18:39:44
565,Danane,7.2596,-8.155,73.53,89,88,1.63,CI,2021-07-21 18:39:45
566,Gijon,43.5357,-5.6615,69.01,83,16,1.01,ES,2021-07-21 18:39:45
567,Komsomolskiy,40.4272,71.7189,79.52,47,4,2.3,UZ,2021-07-21 18:39:46
568,Wewak,-3.5534,143.6268,78.69,85,99,4.65,PG,2021-07-21 18:39:46
569,Axim,4.8699,-2.2405,76.39,81,11,6.76,GH,2021-07-21 18:39:47
570,Omsukchan,62.5333,155.8,63.48,65,100,2.93,RU,2021-07-21 18:39:47
571,San Vicente,-26.6167,-54.1333,71.28,34,0,0.43,AR,2021-07-21 18:39:48
572,Basco,20.4487,121.9702,82.62,84,88,29.66,PH,2021-07-21 18:39:48
573,Paracuru,-3.41,-39.0306,86.02,58,48,15.93,BR,2021-07-21 18:39:48
574,Rambha,19.5167,85.1,83.08,79,100,4.94,IN,2021-07-21 18:39:49
575,Port Blair,11.6667,92.75,81.12,85,100,23.11,IN,2021-07-21 18:39:49
576,Muisne,0.6,-80.0333,79.45,78,50,11.34,EC,2021-07-21 18:39:50
577,Freeport,40.6576,-73.5832,84.27,73,75,10.0,US,2021-07-21 18:35:00
578,Marsciano,42.9059,12.3359,88.14,42,64,1.99,IT,2021-07-21 18:39:51
579,Mana,5.6592,-53.7767,84.45,72,63,11.39,GF,2021-07-21 18:39:51
580,Marsabit,2.3284,37.9899,71.64,43,79,19.55,KE,2021-07-21 18:39:51
581,Krasnoselkup,65.7,82.4667,59.67,65,100,13.35,RU,2021-07-21 18:39:52
582,Porto Torres,40.835,8.3972,80.78,74,0,2.98,IT,2021-07-21 18:39:52
583,Vestmanna,62.1564,-7.1664,52.72,100,40,12.66,FO,2021-07-21 18:39:52
584,Sibolga,1.7427,98.7792,76.05,88,100,3.29,ID,2021-07-21 18:39:53
585,Ugoofaaru,5.6667,73.0,83.26,76,100,16.64,MV,2021-07-21 18:39:54
586,Lakes Entrance,-37.8811,147.981,39.18,67,99,6.29,AU,2021-07-21 18:39:55
